,Title,Year,Rated,Released,Runtime,Genre,Director,Writer,Actors,Plot,Language,Country,Metascore,imdbRating,imdbVotes,imdbID,BoxOffice
0,Guardians of the Galaxy,2014,PG-13,01 Aug 2014,121,"Action, Adventure, Comedy",James Gunn,"James Gunn, Nicole Perlman, Dan Abnett","Chris Pratt, Vin Diesel, Bradley Cooper",A group of intergalactic criminals must pull together to stop a fanatical warrior with plans to purge the universe.,English,United States,76,8.0,1233785,tt2015381,333718600
1,Prometheus,2012,R,08 Jun 2012,124,"Adventure, Mystery, Sci-Fi",Ridley Scott,"Jon Spaihts, Damon Lindelof, Dan O'Bannon","Noomi Rapace, Logan Marshall-Green, Michael Fassbender","Following clues to the origin of mankind, a team finds a structure on a distant moon, but they soon realize they are not alone.","English, Gaelic","United Kingdom, United States",64,7.0,626784,tt1446714,126477084
2,Split,2016,PG-13,20 Jan 2017,117,"Horror, Thriller",M. Night Shyamalan,M. Night Shyamalan,"James McAvoy, Anya Taylor-Joy, Haley Lu Richardson",Three girls are kidnapped by a man with a diagnosed 23 distinct personalities. They must try to escape before the apparent emergence of a frightful new 24th.,English,"United States, Japan",63,7.3,526718,tt4972582,138291365
3,Sing,2016,PG,21 Dec 2016,108,"Animation, Comedy, Family","Garth Jennings, Christophe Lourdelet",Garth Jennings,"Matthew McConaughey, Reese Witherspoon, Seth MacFarlane","In a city of humanoid animals, a hustling theater impresario's attempt to save his theater with a singing competition becomes grander than he anticipates even as its finalists find that their lives will never be the same.","English, Japanese","Japan, United States, France",59,7.1,181456,tt3470600,270578425
4,Suicide Squad,2016,PG-13,05 Aug 2016,123,"Action, Adventure, Fantasy",David Ayer,"David Ayer, John Ostrander","Will Smith, Jared Leto, Margot Robbie",A secret government agency recruits some of the most dangerous incarcerated super-villains to form a defensive task force. Their first mission: save the world from the apocalypse.,"English, Japanese, Spanish",United States,40,5.9,706414,tt1386697,325100054
5,The Great Wall,2016,PG-13,17 Feb 2017,103,"Action, Adventure, Fantasy",Yimou Zhang,"Carlo Bernard, Doug Miro, Tony Gilroy","Matt Damon, Tian Jing, Willem Dafoe","In ancient China, a group of European mercenaries encounters a secret army that maintains and defends the Great Wall of China against a horde of monstrous creatures.","English, Mandarin, Spanish","United States, China, Hong Kong, Australia, Canada",42,5.9,142006,tt2034800,45540830
6,La La Land,2016,PG-13,25 Dec 2016,128,"Comedy, Drama, Music",Damien Chazelle,Damien Chazelle,"Ryan Gosling, Emma Stone, Rosemarie DeWitt","While navigating their careers in Los Angeles, a pianist and an actress fall in love while attempting to reconcile their aspirations for the future.","English, Cantonese","United States, Hong Kong",94,8.0,626411,tt3783958,151101803
8,The Lost City of Z,2016,PG-13,21 Apr 2017,141,"Adventure, Biography, Drama",James Gray,"James Gray, David Grann","Charlie Hunnam, Robert Pattinson, Sienna Miller","A true-life drama, centering on British explorer Major Percival Fawcett, who disappeared whilst searching for a mysterious city in the Amazon in the 1920s.","English, Portuguese, Tupi, Spanish, German",United States,78,6.6,96107,tt1212428,8580410
9,Passengers,2016,PG-13,21 Dec 2016,116,"Drama, Romance, Sci-Fi",Morten Tyldum,Jon Spaihts,"Jennifer Lawrence, Chris Pratt, Michael Sheen",A malfunction in a sleeping pod on a spacecraft traveling to a distant colony planet wakes one passenger 90 years early.,"English, Spanish, Japanese, French","United States, Australia",41,7.0,426430,tt1355644,100014699
10,Fantastic Beasts and Where to Find Them,2016,PG-13,18 Nov 2016,132,"Adventure, Family, Fantasy",David Yates,J.K. Rowling,"Eddie Redmayne, Katherine Waterston, Alison Sudol",The adventures of writer Newt Scamander in New York's secret community of witches and wizards seventy years before Harry Potter reads his book in school.,"English, Central Khmer","United Kingdom, United States",66,7.2,492215,tt3183660,234037575
11,Hidden Figures,2016,PG,06 Jan 2017,127,"Biography, Drama, History",Theodore Melfi,"Allison Schroeder, Theodore Melfi, Margot Lee Shetterly","Taraji P. Henson, Octavia Spencer, Janelle Mon√°e",The story of a team of female African-American mathematicians who served a vital role in NASA during the early years of the U.S. space program.,English,United States,74,7.8,243977,tt4846340,169607287
12,Rogue One: A Star Wars Story,2016,PG-13,16 Dec 2016,133,"Action, Adventure, Sci-Fi",Gareth Edwards,"Chris Weitz, Tony Gilroy, John Knoll","Felicity Jones, Diego Luna, Alan Tudyk","In a time of conflict, a group of unlikely heroes band together on a mission to steal the plans to the Death Star, the Empire's ultimate weapon of destruction.",English,United States,65,7.8,663358,tt3748528,533539991
13,Moana,2016,PG,23 Nov 2016,107,"Animation, Adventure, Comedy","Ron Clements, John Musker, Don Hall","Jared Bush, Ron Clements, John Musker","Auli'i Cravalho, Dwayne Johnson, Rachel House","In Ancient Polynesia, when a terrible curse incurred by the Demigod Maui reaches Moana's island, she answers the Ocean's call to seek out the Demigod to set things right.","English, French",United States,81,7.6,359039,tt3521164,248757044
14,Colossal,2016,R,21 Apr 2017,109,"Comedy, Drama, Fantasy",Nacho Vigalondo,Nacho Vigalondo,"Anne Hathaway, Jason Sudeikis, Austin Stowell","Gloria is an out-of-work party girl forced to leave her life in New York City and move back home. When reports surface that a giant creature is destroying Seoul, she gradually comes to the realization that she is somehow connected...","English, Korean","United States, Spain, Canada, South Korea",70,6.2,67475,tt4680182,3029287
15,The Secret Life of Pets,2016,PG,08 Jul 2016,87,"Animation, Adventure, Comedy",Chris Renaud,"Cinco Paul, Ken Daurio, Brian Lynch","Louis C.K., Eric Stonestreet, Kevin Hart","The quiet life of a terrier named Max is upended when his owner takes in Duke, a stray whom Max instantly dislikes.",English,"United States, Japan, France",61,6.5,210468,tt2709768,368384330
16,Hacksaw Ridge,2016,R,04 Nov 2016,139,"Biography, Drama, History",Mel Gibson,"Robert Schenkkan, Andrew Knight","Andrew Garfield, Sam Worthington, Luke Bracey","World War II American Army Medic Desmond T. Doss, who served during the Battle of Okinawa, refuses to kill people and becomes the first man in American history to receive the Medal of Honor without firing a shot.","English, Japanese","Australia, United States, United Kingdom, China",71,8.1,562086,tt2119532,67209615
17,Jason Bourne,2016,PG-13,29 Jul 2016,123,"Action, Thriller",Paul Greengrass,"Paul Greengrass, Christopher Rouse, Robert Ludlum","Matt Damon, Tommy Lee Jones, Alicia Vikander",The CIA's most dangerous former operative is drawn out of hiding to uncover more explosive truths about his past.,"English, Greek, German, Japanese","United States, China, Spain, Japan, Germany",58,6.6,235582,tt4196776,162434410
18,Lion,2016,PG-13,06 Jan 2017,118,"Biography, Drama",Garth Davis,"Saroo Brierley, Luke Davies","Dev Patel, Nicole Kidman, Rooney Mara","A five-year-old Indian boy is adopted by an Australian couple after getting lost hundreds of kilometers from home. 25 years later, he sets out to find his lost family.","English, Hindi, Bengali","Australia, United Kingdom, United States, India",69,8.0,244131,tt3741834,51738905
19,Arrival,2016,PG-13,11 Nov 2016,116,"Drama, Mystery, Sci-Fi",Denis Villeneuve,"Eric Heisserer, Ted Chiang","Amy Adams, Jeremy Renner, Forest Whitaker",A linguist works with the military to communicate with alien lifeforms after twelve mysterious spacecraft appear around the world.,"Russian, Mandarin, English","United States, Canada",81,7.9,729221,tt2543164,100546139
20,Gold,2016,R,27 Jan 2017,120,"Biography, Crime, Drama",Stephen Gaghan,"Patrick Massett, John Zinman","Matthew McConaughey, Edgar Ram√≠rez, Bryce Dallas Howard","Kenny Wells, a prospector desperate for a lucky break, teams up with a similarly eager geologist and sets off on a journey to find gold in the uncharted jungle of Indonesia.","English, Indonesian",United States,49,6.7,67115,tt1800302,7227038
21,Manchester by the Sea,2016,R,16 Dec 2016,137,Drama,Kenneth Lonergan,Kenneth Lonergan,"Casey Affleck, Michelle Williams, Kyle Chandler",A depressed uncle is asked to take care of his teenage nephew after the boy's father dies.,English,United States,96,7.8,297531,tt4034228,47695371
23,Trolls,2016,PG,04 Nov 2016,92,"Animation, Adventure, Comedy","Mike Mitchell, Walt Dohrn","Jonathan Aibel, Glenn Berger, Erica Rivinoja","Anna Kendrick, Justin Timberlake, Zooey Deschanel","After the Bergens invade Troll Village, Poppy, the happiest Troll ever born, and the curmudgeonly Branch set off on a journey to rescue her friends.",English,"United States, India",55,6.4,86951,tt1679335,154025064
24,Independence Day: Resurgence,2016,PG-13,24 Jun 2016,120,"Action, Adventure, Sci-Fi",Roland Emmerich,"Nicolas Wright, James A. Woods, Dean Devlin","Liam Hemsworth, Jeff Goldblum, Bill Pullman","Two decades after the first Independence Day invasion, Earth is faced with a new extra-Solar threat. But will mankind's new space defenses be enough?","English, Mandarin",United States,32,5.2,185252,tt1628841,103144286
28,Bad Moms,2016,R,29 Jul 2016,100,Comedy,"Jon Lucas, Scott Moore","Jon Lucas, Scott Moore","Mila Kunis, Kathryn Hahn, Kristen Bell","When three overworked and under-appreciated moms are pushed beyond their limits, they ditch their conventional responsibilities for a jolt of long overdue freedom, fun and comedic self-indulgence.",English,"United States, China",60,6.2,131331,tt4651520,113257297
29,Assassin's Creed,2016,PG-13,21 Dec 2016,115,"Action, Adventure, Sci-Fi",Justin Kurzel,"Michael Lesslie, Adam Cooper, Bill Collage","Michael Fassbender, Marion Cotillard, Jeremy Irons","Callum Lynch explores the memories of his ancestor Aguilar de Nerha and gains the skills of a Master Assassin, before taking on the secret Templar society.","English, Spanish, Arabic","United States, France, United Kingdom, Hong Kong, Taiwan, Malta, Spain, Canada",36,5.6,204553,tt2094766,54647948
30,Why Him?,2016,R,23 Dec 2016,111,Comedy,John Hamburg,"John Hamburg, Ian Helfer, Jonah Hill","Zoey Deutch, James Franco, Tangie Ambrose",A holiday gathering threatens to go off the rails when Ned Fleming realizes that his daughter's Silicon Valley millionaire boyfriend is about to pop the question.,"English, Central Khmer",United States,39,6.2,119434,tt4501244,60323786
31,Nocturnal Animals,2016,R,09 Dec 2016,116,"Drama, Thriller",Tom Ford,"Tom Ford, Austin Wright","Amy Adams, Jake Gyllenhaal, Michael Shannon","A wealthy art gallery owner is haunted by her ex-husband's novel, a violent thriller she interprets as a symbolic revenge tale.",English,"United States, China",67,7.5,292537,tt4550098,10663357
32,X-Men: Apocalypse,2016,PG-13,27 May 2016,144,"Action, Adventure, Sci-Fi",Bryan Singer,"Simon Kinberg, Bryan Singer, Michael Dougherty","James McAvoy, Michael Fassbender, Jennifer Lawrence","In the 1980s the X-Men must defeat an ancient all-powerful mutant, En Sabah Nur, who intends to thrive through bringing destruction to the world.","English, Polish, German, Arabic, Egyptian (Ancient)",United States,52,6.9,449466,tt3385516,155442489
33,Deadpool,2016,R,12 Feb 2016,108,"Action, Comedy",Tim Miller,"Rhett Reese, Paul Wernick","Ryan Reynolds, Morena Baccarin, T.J. Miller","A wisecracking mercenary gets experimented on and becomes immortal yet hideously scarred, and sets out to track down the man who ruined his looks.",English,United States,65,8.0,1080054,tt1431045,363070709
34,Resident Evil: The Final Chapter,2016,R,27 Jan 2017,107,"Action, Horror, Sci-Fi",Paul W.S. Anderson,Paul W.S. Anderson,"Milla Jovovich, Iain Glen, Ali Larter","Alice returns to where the nightmare began: The Hive in Raccoon City, where the Umbrella Corporation is gathering its forces for a final strike against the only remaining survivors of the apocalypse.",English,"Germany, Canada",49,5.5,98112,tt2592614,26830068
35,Captain America: Civil War,2016,PG-13,06 May 2016,147,"Action, Sci-Fi","Anthony Russo, Joe Russo","Christopher Markus, Stephen McFeely, Joe Simon","Chris Evans, Robert Downey Jr., Scarlett Johansson",Political involvement in the Avengers' affairs causes a rift between Captain America and Iron Man.,"English, German, Xhosa, Russian, Romanian",United States,75,7.8,821233,tt3498820,408084349
36,Interstellar,2014,PG-13,07 Nov 2014,169,"Adventure, Drama, Sci-Fi",Christopher Nolan,"Jonathan Nolan, Christopher Nolan","Matthew McConaughey, Anne Hathaway, Jessica Chastain","When Earth becomes uninhabitable in the future, a farmer and ex-NASA pilot, Joseph Cooper, is tasked to pilot a spacecraft, along with a team of researchers, to find a new planet for humans.",English,"United States, United Kingdom, Canada",74,8.7,1957061,tt0816692,188020017
37,Doctor Strange,2016,PG-13,04 Nov 2016,115,"Action, Adventure, Fantasy",Scott Derrickson,"Jon Spaihts, Scott Derrickson, C. Robert Cargill","Benedict Cumberbatch, Chiwetel Ejiofor, Rachel McAdams","While on a journey of physical and spiritual healing, a brilliant neurosurgeon is drawn into the world of the mystic arts.",English,United States,72,7.5,775015,tt1211837,232641920
38,The Magnificent Seven,2016,PG-13,23 Sep 2016,132,"Action, Adventure, Drama",Antoine Fuqua,"Akira Kurosawa, Shinobu Hashimoto, Hideo Oguni","Denzel Washington, Chris Pratt, Ethan Hawke",Seven gunmen from a variety of backgrounds are brought together by a vengeful young widow to protect her town from the private army of a destructive industrialist.,"English, North American Indian, Spanish","United States, Australia",54,6.9,221203,tt2404435,93432655
40,Sausage Party,2016,R,12 Aug 2016,89,"Animation, Adventure, Comedy","Conrad Vernon, Greg Tiernan","Kyle Hunter, Ariel Shaffir, Seth Rogen","Seth Rogen, Kristen Wiig, Jonah Hill",A sausage strives to discover the truth about his existence.,English,"United States, Canada",66,6.1,202754,tt1700841,97685686
41,Moonlight,2016,R,18 Nov 2016,111,Drama,Barry Jenkins,"Barry Jenkins, Tarell Alvin McCraney","Mahershala Ali, Naomie Harris, Trevante Rhodes","A young African-American man grapples with his identity and sexuality while experiencing the everyday struggles of childhood, adolescence, and burgeoning adulthood.",English,United States,99,7.4,321204,tt4975722,27854932
43,The Founder,2016,PG-13,20 Jan 2017,115,"Biography, Drama",John Lee Hancock,Robert Siegel,"Michael Keaton, Nick Offerman, John Carroll Lynch","The story of Ray Kroc, a salesman who turned two brothers' innovative fast food eatery, McDonald's, into the biggest restaurant business in the world, with a combination of ambition, persistence, and ruthlessness.","English, Yiddish","United States, Greece",66,7.2,164289,tt4276820,12786053
44,Lowriders,2016,PG-13,28 Apr 2017,98,"Adventure, Crime, Drama",Ricardo de Montreuil,"Elgin James, Cheo Hodari Coker","Gabriel Chavarria, Demi√°n Bichir, Theo Rossi","A young street artist in East Los Angeles is caught between his father's obsession with lowrider car culture, his ex-felon brother and his need for self-expression.",English,United States,57,5.7,2663,tt1366338,6303560
45,Pirates of the Caribbean: On Stranger Tides,2011,PG-13,20 May 2011,136,"Action, Adventure, Fantasy",Rob Marshall,"Ted Elliott, Terry Rossio, Stuart Beattie","Johnny Depp, Pen√©lope Cruz, Ian McShane","Jack Sparrow and Barbossa embark on a quest to find the elusive fountain of youth, only to discover that Blackbeard and his daughter are after it too.","English, Spanish","United States, United Kingdom",45,6.6,546195,tt1298650,241071802
46,Miss Sloane,2016,R,09 Dec 2016,132,Drama,John Madden,Jonathan Perera,"Jessica Chastain, Mark Strong, Gugu Mbatha-Raw","In the high-stakes world of political power-brokers, Elizabeth Sloane is the most sought after and formidable lobbyist in D.C. But when taking on the most powerful opponent of her career, she finds winning may come at too high a p...",English,"United Kingdom, France, Canada, United States",64,7.5,79438,tt4540710,3500605
48,Star Trek Beyond,2016,PG-13,22 Jul 2016,122,"Action, Adventure, Sci-Fi",Justin Lin,"Simon Pegg, Doug Jung, Gene Roddenberry","Chris Pine, Zachary Quinto, Karl Urban","The crew of the USS Enterprise explores the furthest reaches of uncharted space, where they encounter a new ruthless enemy, who puts them, and everything the Federation stands for, to the test.",English,"United States, China",68,7.0,253462,tt2660888,158848340
50,Star Wars: Episode VII - The Force Awakens,2015,PG-13,18 Dec 2015,138,"Action, Adventure, Sci-Fi",J.J. Abrams,"Lawrence Kasdan, J.J. Abrams, Michael Arndt","Daisy Ridley, John Boyega, Oscar Isaac","As a new threat to the galaxy rises, Rey, a desert scavenger, and Finn, an ex-stormtrooper, must join Han Solo and Chewbacca to search for the one hope of restoring peace.",English,United States,80,7.8,953073,tt2488496,936662225
51,Underworld: Blood Wars,2016,R,06 Jan 2017,91,"Action, Adventure, Fantasy",Anna Foerster,"Cory Goodman, Kyle Ward, Kevin Grevioux","Kate Beckinsale, Theo James, Tobias Menzies",Vampire death dealer Selene (Kate Beckinsale) fights to end the eternal war between the Lycan clan and the Vampire faction that betrayed her.,"English, Saami",United States,23,5.7,78905,tt3717252,30353973
52,Mother's Day,2016,PG-13,29 Apr 2016,118,"Comedy, Drama, Romance",Garry Marshall,"Anya Kochoff, Matthew Walker, Tom Hines","Jennifer Aniston, Kate Hudson, Julia Roberts",Three generations come together in the week leading up to Mother's Day.,"English, Spanish",United States,18,5.6,38546,tt4824302,32492859
53,John Wick,2014,R,24 Oct 2014,101,"Action, Crime, Thriller","Chad Stahelski, David Leitch",Derek Kolstad,"Keanu Reeves, Michael Nyqvist, Alfie Allen",An ex-hitman comes out of retirement to track down the gangsters who killed his dog and stole his car.,"English, Russian, Hungarian","United States, United Kingdom, China",68,7.4,707438,tt2911666,43037835
54,The Dark Knight,2008,PG-13,18 Jul 2008,152,"Action, Crime, Drama",Christopher Nolan,"Jonathan Nolan, Christopher Nolan, David S. Goyer","Christian Bale, Heath Ledger, Aaron Eckhart","When the menace known as the Joker wreaks havoc and chaos on the people of Gotham, Batman must accept one of the greatest psychological and physical tests of his ability to fight injustice.","English, Mandarin","United States, United Kingdom",84,9.0,2755440,tt0468569,534987076
55,Silence,2016,R,13 Jan 2017,161,"Drama, History",Martin Scorsese,"Jay Cocks, Martin Scorsese, Shûsaku Endô","Andrew Garfield, Adam Driver, Liam Neeson","In the 17th century, two Portuguese Jesuit priests travel to Japan in an attempt to locate their mentor, who is rumored to have committed apostasy, and to propagate Catholicism.","English, Japanese, Latin","United States, United Kingdom, Taiwan, Japan, Mexico",79,7.2,117674,tt0490215,7100177
56,Don't Breathe,2016,R,26 Aug 2016,88,"Crime, Horror, Thriller",Fede Alvarez,"Fede Alvarez, Rodo Sayagues","Stephen Lang, Jane Levy, Dylan Minnette","Hoping to walk away with a massive fortune, a trio of thieves break into the house of a blind man who isn't as helpless as he seems.",English,"United States, Hungary",71,7.1,290168,tt4160708,89217875
57,Me Before You,2016,PG-13,03 Jun 2016,106,"Drama, Romance",Thea Sharrock,Jojo Moyes,"Emilia Clarke, Sam Claflin, Janet McTeer",A girl in a small town forms an unlikely bond with a recently-paralyzed man she's taking care of.,"English, French","United Kingdom, United States",51,7.4,272895,tt2674426,56245075
58,Their Finest,2016,R,07 Apr 2017,117,"Comedy, Drama, Romance",Lone Scherfig,"Lissa Evans, Gaby Chiappe","Gemma Arterton, Sam Claflin, Bill Nighy","A former secretary, newly appointed as a scriptwriter for propaganda films, joins the cast and crew of a major production while the Blitz rages around them.","English, Hungarian, Polish, French","United Kingdom, Sweden, France",76,6.7,20844,tt1661275,3603484
59,Sully,2016,PG-13,09 Sep 2016,96,"Biography, Drama",Clint Eastwood,"Todd Komarnicki, Chesley Sullenberger, Jeffrey Zaslow","Tom Hanks, Aaron Eckhart, Laura Linney","When pilot Chesley ""Sully"" Sullenberger lands his damaged plane on the Hudson River in order to save the flight's passengers and crew, some consider him a hero while others think he was reckless.",English,United States,74,7.4,288429,tt3263904,125070033
60,Batman v Superman: Dawn of Justice,2016,PG-13,25 Mar 2016,151,"Action, Adventure, Sci-Fi",Zack Snyder,"Chris Terrio, David S. Goyer, Bob Kane","Ben Affleck, Henry Cavill, Amy Adams","Fearing that the actions of Superman are left unchecked, Batman takes on the Man of Steel, while the world wrestles with what kind of a hero it really needs.",English,United States,44,6.4,717676,tt2975590,330360194
61,The Autopsy of Jane Doe,2016,R,21 Dec 2016,86,"Horror, Mystery, Thriller",André Øvredal,"Ian Goldberg, Richard Naing","Brian Cox, Emile Hirsch, Ophelia Lovibond","A father and son, both coroners, are pulled into a complex mystery while attempting to identify the body of a young woman, who was apparently harboring dark secrets.",English,United Kingdom,65,6.8,129938,tt3289956,10474
62,The Girl on the Train,2016,R,07 Oct 2016,112,"Crime, Drama, Mystery",Tate Taylor,"Erin Cressida Wilson, Paula Hawkins","Emily Blunt, Haley Bennett, Rebecca Ferguson",A divorcee becomes entangled in a missing persons investigation that promises to send shockwaves throughout her life.,"English, Spanish","United States, India",48,6.5,194062,tt3631112,75395035
63,Fifty Shades of Grey,2015,R,13 Feb 2015,125,"Drama, Romance, Thriller",Sam Taylor-Johnson,"Kelly Marcel, E.L. James","Dakota Johnson, Jamie Dornan, Jennifer Ehle","Literature student Anastasia Steele's life changes forever when she meets handsome, yet tormented, billionaire Christian Grey.",English,United States,46,4.2,328143,tt2322441,166167230
64,The Prestige,2006,PG-13,20 Oct 2006,130,"Drama, Mystery, Sci-Fi",Christopher Nolan,"Jonathan Nolan, Christopher Nolan, Christopher Priest","Christian Bale, Hugh Jackman, Scarlett Johansson","After a tragic accident, two stage magicians in 1890s London engage in a battle to create the ultimate illusion while sacrificing everything they have to outwit each other.",English,"United Kingdom, United States",66,8.5,1391135,tt0482571,53089891
65,Kingsman: The Secret Service,2014,R,13 Feb 2015,129,"Action, Adventure, Comedy",Matthew Vaughn,"Jane Goldman, Matthew Vaughn, Mark Millar","Colin Firth, Taron Egerton, Samuel L. Jackson","A spy organisation recruits a promising street kid into the agency's training program, while a global threat emerges from a twisted tech genius.","English, Arabic, Swedish","United Kingdom, United States",60,7.7,693082,tt2802144,128261724
66,Patriots Day,2016,R,13 Jan 2017,133,"Action, Crime, Drama",Peter Berg,"Peter Berg, Matt Cook, Joshua Zetumer","Mark Wahlberg, Michelle Monaghan, J.K. Simmons","The story of the 2013 Boston Marathon bombing and the aftermath, which includes the city-wide manhunt to find the terrorists responsible.","English, Chinese, Arabic","Hong Kong, United States",69,7.3,108795,tt4572514,31886361
67,Mad Max: Fury Road,2015,R,15 May 2015,120,"Action, Adventure, Sci-Fi",George Miller,"George Miller, Brendan McCarthy, Nick Lathouris","Tom Hardy, Charlize Theron, Nicholas Hoult","In a post-apocalyptic wasteland, a woman rebels against a tyrannical ruler in search for her homeland with the aid of a group of female prisoners, a psychotic worshiper and a drifter named Max.","English, Russian",Australia,90,8.1,1040894,tt1392190,154280290
68,Wakefield,2016,R,19 May 2017,106,Drama,Robin Swicord,"E.L. Doctorow, Robin Swicord, Nathaniel Hawthorne","Bryan Cranston, Jennifer Garner, Victoria Bruno",A lawyer on the edge of madness decides to disassociate himself from his own life.,English,United States,62,6.3,17556,tt5195412,262599
69,Deepwater Horizon,2016,PG-13,30 Sep 2016,107,"Action, Drama, History",Peter Berg,"Matthew Michael Carnahan, Matthew Sand, David Barstow","Mark Wahlberg, Kurt Russell, Douglas M. Griffin","A dramatization of the disaster in April 2010, when the offshore drilling rig called the Deepwater Horizon exploded, resulting in the worst oil spill in American history.",English,"United States, Hong Kong, China",68,7.1,176008,tt1860357,61433527
70,The Promise,2016,PG-13,21 Apr 2017,133,"Action, Adventure, Drama",Terry George,"Terry George, Robin Swicord","Oscar Isaac, Charlotte Le Bon, Christian Bale","Set during the last days of the Ottoman Empire, The Promise follows a love triangle between Michael, a brilliant medical student, the beautiful and sophisticated Ana, and Chris - a renowned American journalist based in Paris.","English, Armenian, German, French, Turkish","Spain, United States",49,6.1,177497,tt4776998,8224288
71,Allied,2016,R,23 Nov 2016,124,"Action, Drama, Romance",Robert Zemeckis,Steven Knight,"Brad Pitt, Marion Cotillard, Jared Harris","In 1942, a Canadian intelligence officer in North Africa encounters a female French Resistance fighter on a deadly mission behind enemy lines. When they reunite in London, their relationship is tested by the pressures of war.","English, French, German, Arabic","United Kingdom, United States",60,7.1,163930,tt3640424,40098064
72,A Monster Calls,2016,PG-13,06 Jan 2017,108,"Adventure, Drama, Family",J.A. Bayona,"Patrick Ness, Siobhan Dowd","Lewis MacDougall, Sigourney Weaver, Felicity Jones","Conor, a twelve-year-old boy, encounters an ancient tree monster who proceeds to help him cope with his mother's terminal illness and being bullied in school.",English,"United States, Spain, United Kingdom",76,7.4,91329,tt3416532,3740823
73,Collateral Beauty,2016,PG-13,16 Dec 2016,97,"Drama, Romance",David Frankel,Allan Loeb,"Will Smith, Edward Norton, Kate Winslet","Retreating from life after a tragedy, a man questions the universe by writing to Love, Time, and Death. Receiving unexpected answers, he begins to see how these things interlock and how even loss can reveal moments of meaning and ...",English,United States,23,6.8,103175,tt4682786,31016021
74,Zootopia,2016,PG,04 Mar 2016,108,"Animation, Adventure, Comedy","Byron Howard, Rich Moore, Jared Bush","Byron Howard, Rich Moore, Jared Bush","Ginnifer Goodwin, Jason Bateman, Idris Elba","In a city of anthropomorphic animals, a rookie bunny cop and a cynical con artist fox must work together to uncover a conspiracy.",English,United States,78,8.0,522760,tt2948356,341268248
75,Pirates of the Caribbean: At World's End,2007,PG-13,25 May 2007,169,"Action, Adventure, Fantasy",Gore Verbinski,"Ted Elliott, Terry Rossio, Stuart Beattie","Johnny Depp, Orlando Bloom, Keira Knightley","Captain Barbossa, Will Turner and Elizabeth Swann must sail off the edge of the map, navigate treachery and betrayal, find Jack Sparrow, and make their final alliances for one last decisive battle.",English,United States,50,7.1,674661,tt0449088,309420425
76,The Avengers,2012,PG-13,04 May 2012,143,"Action, Sci-Fi",Joss Whedon,"Joss Whedon, Zak Penn","Robert Downey Jr., Chris Evans, Scarlett Johansson",Earth's mightiest heroes must come together and learn to fight as a team if they are going to stop the mischievous Loki and his alien army from enslaving humanity.,"English, Russian",United States,69,8.0,1426217,tt0848228,623357910
77,Inglourious Basterds,2009,R,21 Aug 2009,153,"Adventure, Drama, War",Quentin Tarantino,Quentin Tarantino,"Brad Pitt, Diane Kruger, Eli Roth","In Nazi-occupied France during World War II, a plan to assassinate Nazi leaders by a group of Jewish U.S. soldiers coincides with a theatre owner's vengeful plans for the same.","English, German, French, Italian","Germany, United States",69,8.3,1510798,tt0361748,120540719
78,Pirates of the Caribbean: Dead Man's Chest,2006,PG-13,07 Jul 2006,151,"Action, Adventure, Fantasy",Gore Verbinski,"Ted Elliott, Terry Rossio, Stuart Beattie","Johnny Depp, Orlando Bloom, Keira Knightley","Jack Sparrow races to recover the heart of Davy Jones to avoid enslaving his soul to Jones' service, as other friends and foes seek the heart for their own agenda as well.","English, Turkish, Greek, Mandarin, French",United States,53,7.4,745612,tt0383574,423315812
79,Ghostbusters,1984,PG,08 Jun 1984,105,"Action, Comedy, Fantasy",Ivan Reitman,"Dan Aykroyd, Harold Ramis, Rick Moranis","Bill Murray, Dan Aykroyd, Sigourney Weaver","Three parapsychologists forced out of their university funding set up shop as a unique ghost removal service in New York City, attracting frightened yet skeptical customers.",English,United States,71,7.8,429254,tt0087332,243578797
80,Inception,2010,PG-13,16 Jul 2010,148,"Action, Adventure, Sci-Fi",Christopher Nolan,Christopher Nolan,"Leonardo DiCaprio, Joseph Gordon-Levitt, Elliot Page","A thief who steals corporate secrets through the use of dream-sharing technology is given the inverse task of planting an idea into the mind of a C.E.O., but his tragic past may doom the project and his team to disaster.","English, Japanese, French","United States, United Kingdom",74,8.8,2446118,tt1375666,292587330
81,Captain Fantastic,2016,R,29 Jul 2016,118,"Comedy, Drama",Matt Ross,Matt Ross,"Viggo Mortensen, George MacKay, Samantha Isler","In the forests of the Pacific Northwest, a father devoted to raising his six kids with a rigorous physical and intellectual education is forced to leave his paradise and enter the world, challenging his idea of what it means to be...","English, Esperanto, German, Chinese",United States,72,7.8,227239,tt3553976,5879835
82,The Wolf of Wall Street,2013,R,25 Dec 2013,180,"Biography, Comedy, Crime",Martin Scorsese,"Terence Winter, Jordan Belfort","Leonardo DiCaprio, Jonah Hill, Margot Robbie","Based on the true story of Jordan Belfort, from his rise to a wealthy stock-broker living the high life to his fall involving crime, corruption and the federal government.","English, French",United States,75,8.2,1488043,tt0993846,116900694
83,Gone Girl,2014,R,03 Oct 2014,149,"Drama, Mystery, Thriller",David Fincher,Gillian Flynn,"Ben Affleck, Rosamund Pike, Neil Patrick Harris","With his wife's disappearance having become the focus of an intense media circus, a man sees the spotlight turned on him when it's suspected that he may not be innocent.",English,United States,79,8.1,1021082,tt2267998,167767189
85,Jurassic World,2015,PG-13,12 Jun 2015,124,"Action, Adventure, Sci-Fi",Colin Trevorrow,"Rick Jaffa, Amanda Silver, Colin Trevorrow","Chris Pratt, Bryce Dallas Howard, Ty Simpkins","A new theme park, built on the original site of Jurassic Park, creates a genetically modified hybrid dinosaur, the Indominus Rex, which escapes containment and goes on a killing spree.",English,United States,59,6.9,662205,tt0369610,653406625
86,Live by Night,2016,R,13 Jan 2017,129,"Action, Crime, Drama",Ben Affleck,"Ben Affleck, Dennis Lehane","Ben Affleck, Elle Fanning, Brendan Gleeson","A group of Boston-bred gangsters set up shop in balmy Florida during the Prohibition era, facing off against the competition and the Ku Klux Klan.","English, Spanish",United States,49,6.4,58899,tt2361317,10378555
87,Avatar,2009,PG-13,18 Dec 2009,162,"Action, Adventure, Fantasy",James Cameron,James Cameron,"Sam Worthington, Zoe Saldana, Sigourney Weaver",A paraplegic Marine dispatched to the moon Pandora on a unique mission becomes torn between following his orders and protecting the world he feels is his home.,"English, Spanish",United States,83,7.9,1355823,tt0499549,785221649
88,The Hateful Eight,2015,R,30 Dec 2015,168,"Crime, Drama, Mystery",Quentin Tarantino,Quentin Tarantino,"Samuel L. Jackson, Kurt Russell, Jennifer Jason Leigh","In the dead of a Wyoming winter, a bounty hunter and his prisoner find shelter in a cabin currently inhabited by a collection of nefarious characters.","English, Spanish, French, Persian",United States,68,7.8,634201,tt3460252,54117416
89,The Accountant,2016,R,14 Oct 2016,128,"Action, Thriller",Gavin O'Connor,Bill Dubuque,"Ben Affleck, Anna Kendrick, J.K. Simmons","As a math savant uncooks the books for a new client, the Treasury Department closes in on his activities, and the body count starts to rise.","English, Indonesian, French",United States,51,7.3,307947,tt2140479,86260045
90,Prisoners,2013,R,20 Sep 2013,153,"Crime, Drama, Mystery",Denis Villeneuve,Aaron Guzikowski,"Hugh Jackman, Jake Gyllenhaal, Viola Davis","When Keller Dover's daughter and her friend go missing, he takes matters into his own hands as the police pursue multiple leads and the pressure mounts.",English,United States,70,8.1,760761,tt1392214,61002302
91,Warcraft,2016,PG-13,10 Jun 2016,123,"Action, Adventure, Fantasy",Duncan Jones,"Charles Leavitt, Duncan Jones","Travis Fimmel, Paula Patton, Ben Foster","As an Orc horde invades the planet Azeroth using a magic portal, a few human heroes and dissenting Orcs must attempt to stop the true evil behind this war.",English,"China, United States, Canada, Japan",32,6.7,272197,tt0803096,47365290
92,The Help,2011,PG-13,10 Aug 2011,146,Drama,Tate Taylor,"Tate Taylor, Kathryn Stockett","Viola Davis, Emma Stone, Octavia Spencer","An aspiring author during the civil rights movement of the 1960s decides to write a book detailing the African American maids' point of view on the white families for which they work, and the hardships they go through on a daily b...",English,"United States, India",62,8.1,476661,tt1454029,169708112
93,War Dogs,2016,R,19 Aug 2016,114,"Biography, Comedy, Crime",Todd Phillips,"Stephen Chin, Todd Phillips, Jason Smilovic","Jonah Hill, Miles Teller, Steve Lantz","Loosely based on the true story of two young men, David Packouz and Efraim Diveroli, who won a three hundred million dollar contract from the Pentagon to arm America's allies in Afghanistan.","English, Arabic, Albanian, Romanian","United States, Romania",57,7.1,237164,tt2005151,43034523
94,Avengers: Age of Ultron,2015,PG-13,01 May 2015,141,"Action, Adventure, Sci-Fi",Joss Whedon,"Joss Whedon, Stan Lee, Jack Kirby","Robert Downey Jr., Chris Evans, Mark Ruffalo","When Tony Stark and Bruce Banner try to jump-start a dormant peacekeeping program called Ultron, things go horribly wrong and it's up to Earth's mightiest heroes to stop the villainous Ultron from enacting his terrible plan.","English, Korean",United States,66,7.3,897327,tt2395427,459005868
95,The Nice Guys,2016,R,20 May 2016,116,"Action, Comedy, Crime",Shane Black,"Shane Black, Anthony Bagarozzi","Russell Crowe, Ryan Gosling, Angourie Rice","In 1970s Los Angeles, a mismatched pair of private eyes investigate a missing girl and the mysterious death of a porn star.","English, German",United States,70,7.4,352176,tt3799694,36261763
97,The Void,2016,Not Rated,07 Apr 2017,90,"Horror, Mystery, Sci-Fi","Jeremy Gillespie, Steven Kostanski","Jeremy Gillespie, Steven Kostanski","Aaron Poole, Kenneth Welsh, Ellen Wong","Shortly after delivering a patient to an understaffed hospital, a police officer experiences strange and violent occurrences seemingly linked to a group of mysterious hooded figures.",English,Canada,62,5.9,39600,tt4255304,151042
98,Personal Shopper,2016,R,10 Mar 2017,105,"Mystery, Thriller",Olivier Assayas,Olivier Assayas,"Kristen Stewart, Lars Eidinger, Sigrid Bouaziz",A personal shopper in Paris refuses to leave the city until she makes contact with her twin brother who previously died there. Her life becomes more complicated when a mysterious person contacts her via text message.,"English, French, Swedish, German","France, Germany, Czech Republic, Belgium",77,6.1,41995,tt4714782,1305195
